number,state,value,batch_size,hidden_dim,learning_rate_a,n_step,network_sync_rate,per_alpha,per_beta_init,sigma_init
0,PRUNED,4.061999999999997,64,256,0.0009168806146185811,1,8000,0.56987447472607,0.44680747826978684,0.3268729967874886
1,COMPLETE,23.875000000000078,32,512,0.0005181668445274442,5,2000,0.5883533079126272,0.3131087669098168,0.34265993660544086
2,COMPLETE,6.099999999999994,32,256,3.705750207367881e-05,3,1000,0.4341390504892595,0.3950692832069427,0.6371442807589555
3,PRUNED,4.892999999999995,32,256,7.875433417617684e-05,5,500,0.6547181384761734,0.3224136153058516,0.694724529388209
4,COMPLETE,4.999999999999995,64,512,6.191928624367983e-05,1,8000,0.6215404959536377,0.409646046138837,0.3001422084161967
5,COMPLETE,30.250000000000142,64,256,0.00012984053240342074,5,1000,0.6598981797548935,0.34603205570224277,0.34764844442840415
6,COMPLETE,4.099999999999998,128,256,9.404196729951005e-05,3,1000,0.44758592528183194,0.4107634646625971,0.45482481223763777
7,PRUNED,4.123999999999998,64,256,2.481569351888402e-05,3,8000,0.6396808685049168,0.33216101799171915,0.5493216566563919
8,COMPLETE,3.8999999999999986,64,256,0.0003398609733150374,5,1000,0.3671148575297438,0.56582901981383,0.6330514983426457
9,COMPLETE,77.97499999999982,128,512,0.0007626900268667981,3,8000,0.3496289915105517,0.5090421359482845,0.6455355748771204
10,PRUNED,3.8999999999999977,32,512,0.0009897008867266381,1,2000,0.6957400090782258,0.3152424586703282,0.479332787404671
11,PRUNED,5.407999999999994,64,512,2.1480167262881033e-05,3,500,0.382769068286694,0.30677290535680013,0.6152998056395744
12,PRUNED,-7.187999999999997,32,256,1.6713733364986022e-05,5,1000,0.6965919421921799,0.3103133616303454,0.5257425306738892
13,COMPLETE,20.675000000000033,32,256,0.00018086806634775673,5,2000,0.6943605794699519,0.48352705727722234,0.5519259935218457
14,PRUNED,4.126999999999997,128,512,1.6081658459767523e-05,1,500,0.3514728678512618,0.46846052836505603,0.6164592118532535
15,PRUNED,2.000000000000001,64,256,0.00017255466611519274,1,2000,0.34237317459504735,0.4808565343329566,0.4933858727238333
16,PRUNED,3.4219999999999984,64,256,3.350523309898742e-05,5,8000,0.3049241147682005,0.5417204069065986,0.6895453134808524
17,COMPLETE,3.8999999999999986,64,256,0.0005945901389438729,1,1000,0.47233645976355687,0.46945026513399524,0.45224105421905186
18,PRUNED,2.2370000000000014,128,256,5.339914814303836e-05,3,500,0.3725826103843733,0.5801879188802737,0.652862825317835
19,PRUNED,2.4970000000000003,64,256,7.89815997242497e-05,1,2000,0.5960530986233461,0.4686160723961771,0.5496994561722784
20,PRUNED,67.92699999999967,64,512,0.0007319047676053486,3,8000,0.6043593248183748,0.3564066177680287,0.5899207263084966
21,COMPLETE,6.424999999999994,64,512,4.961465290743743e-05,3,500,0.31951476349954766,0.32708132546573637,0.6614633825661836
22,PRUNED,4.392999999999997,64,512,1.536590693201628e-05,3,500,0.44614730484690635,0.30878945671003927,0.5917462265525484
23,COMPLETE,2.0000000000000013,128,512,2.6051658878159103e-05,1,8000,0.40516043202430113,0.5270237494427356,0.6363074511417824
24,COMPLETE,3.8999999999999986,128,512,1.956925076718487e-05,1,500,0.4341414167049329,0.46606661337544186,0.6441297398398376
25,PRUNED,-5.148999999999998,32,256,3.4354049038885254e-05,3,1000,0.4241882941674182,0.45917111763480295,0.6595272827243646
26,PRUNED,70.71799999999918,64,512,0.00022318445823771153,5,2000,0.5693661941871684,0.3249691396139602,0.3214718380562742
27,COMPLETE,58.32500000000045,64,256,0.00011863568723748824,5,1000,0.6746099103692934,0.35138734160464286,0.32142134710090053
28,PRUNED,8.282999999999994,64,256,5.27878351184902e-05,5,1000,0.6279913833444556,0.4213493014091992,0.32186899101254673
29,COMPLETE,61.62500000000044,64,256,7.058234828386549e-05,5,1000,0.6562159381902367,0.36903436683798474,0.3459509742962672
30,COMPLETE,19.02500000000002,32,512,7.501780901151161e-05,5,2000,0.6617514309715032,0.40211613969181564,0.37828928102614584
31,COMPLETE,19.175000000000026,128,512,0.0003195581158783633,3,8000,0.3211278341668496,0.40922820203625526,0.5374056948595066
32,COMPLETE,63.20000000000048,64,256,0.0001189852674412032,5,1000,0.6415949466390672,0.31293081403982664,0.3641803324946969
33,COMPLETE,7.19999999999999,64,256,0.00021791225786553753,5,1000,0.6031876289231523,0.3631864843666245,0.34195076085961706
34,COMPLETE,29.30000000000013,128,512,0.000393630380128016,3,8000,0.37190636192409077,0.47738341140138185,0.6330688120702501
35,PRUNED,89.1180000000005,128,512,0.000551846420089993,3,8000,0.40235357562252894,0.48016698869432556,0.6272243887529331
36,COMPLETE,53.5750000000004,128,512,0.0003072820128309516,3,8000,0.3920852709466809,0.514541142260172,0.592602420769306
37,PRUNED,115.25200000000035,128,512,0.0004122483440142053,3,8000,0.3640123430007293,0.5158075003800193,0.6107095242369109
38,PRUNED,42.33299999999993,32,512,0.0005237487669021275,5,1000,0.5393153803624852,0.32732431094307085,0.36538475674988685
39,PRUNED,29.359000000000016,32,512,0.0008369110994863661,5,8000,0.5251325501117299,0.3177642976857941,0.3995106415906124
40,PRUNED,101.49299999999921,32,512,0.00014058699272266598,5,1000,0.6071598963646595,0.34068466890549287,0.4342015885879462
41,PRUNED,45.48899999999978,32,256,0.000887178297198753,5,2000,0.5184877671753251,0.3099236778895898,0.4949437274877876
42,COMPLETE,14.99999999999997,32,256,0.0001671627642648913,5,2000,0.6935312478474189,0.49235172235010594,0.4843633915683586
43,COMPLETE,35.2000000000002,32,256,0.00016471701757481702,5,2000,0.5770741580846397,0.5751191298178577,0.6051309623917044
44,PRUNED,65.15499999999987,32,256,0.0003469806956467082,5,2000,0.6794165197661521,0.49164844009626496,0.5087190985154129
45,PRUNED,88.44099999999939,64,256,0.00017146698714908893,5,1000,0.6672408490429816,0.3098123129367071,0.4365015188761968
46,COMPLETE,3.8999999999999986,64,256,0.0002530546791707299,3,2000,0.6646083472109089,0.3225148480700829,0.4202030791610769
47,PRUNED,4.604999999999997,64,256,0.00019045893570588852,1,1000,0.6846644681761621,0.33154660158961047,0.375068104549135
48,PRUNED,2.035000000000001,64,256,5.028938725737588e-05,1,1000,0.6988679531644072,0.3417359702805318,0.38595090258023573
49,PRUNED,4.188999999999997,128,256,0.00011511917652446038,1,1000,0.6155423446796489,0.3785229163773144,0.34958983332456367
50,PRUNED,8.363999999999995,64,256,6.04521060531989e-05,5,500,0.6921714859749181,0.34140551907110955,0.38295582754845
51,COMPLETE,58.47500000000045,64,256,8.989712748634808e-05,5,500,0.641629227119708,0.3139684974684534,0.3928011876057426
52,PRUNED,3.9189999999999987,32,256,0.00016596927456964124,1,1000,0.6954047349124889,0.37699814334331144,0.36087951038895655
53,COMPLETE,9.799999999999983,64,256,8.923475015952257e-05,5,8000,0.6727413650634045,0.3662231547795947,0.3187338643559672
54,COMPLETE,18.575000000000017,64,256,0.0002640305648405181,5,500,0.6968286101156039,0.32822661480471227,0.30484359753566026
55,COMPLETE,52.7750000000004,64,256,0.00034667380248571084,3,500,0.624816701384771,0.34900220319890746,0.39498449714223244
56,PRUNED,43.51999999999975,64,256,2.8692221771391557e-05,5,1000,0.5420753358438535,0.3028582330813886,0.40711738957820337
57,PRUNED,134.6910000000029,128,256,0.0001261237823068419,5,2000,0.5848336897290358,0.31822649280219995,0.37243378060926924
58,PRUNED,17.852000000000036,64,256,9.608582535612599e-05,5,2000,0.6681055013044873,0.38367695910715127,0.31083038253199863
59,PRUNED,97.30699999999973,64,256,0.00014853833194012635,5,8000,0.6288627091868034,0.3185060799468903,0.30117967125068146
60,PRUNED,5.903999999999993,128,256,4.6229538015863266e-05,5,1000,0.673841110997423,0.3165440353075938,0.34618127538754145
61,PRUNED,186.6780000000055,128,256,0.0006957835305810252,3,2000,0.42247991580510263,0.48726212683603154,0.6012145060456351
62,COMPLETE,23.52500000000007,128,256,6.820041188526194e-05,5,1000,0.6245960438835347,0.33997945556591874,0.346872913415979
63,PRUNED,4.125999999999998,128,512,0.0004081206032618523,1,500,0.34683042206352444,0.5165111343651116,0.5737935953156681
64,PRUNED,19.970000000000056,64,512,5.654241913903556e-05,5,1000,0.6882308860506019,0.35219141877838733,0.35339662237470565
65,COMPLETE,4.999999999999995,64,512,2.2970944751358598e-05,5,1000,0.6889439001781418,0.37009476829466076,0.3259337024399048
66,PRUNED,42.97599999999969,32,512,0.0008446088966193613,5,8000,0.33006564314345543,0.5358621147183446,0.6917093308692769
67,PRUNED,4.083999999999998,128,256,0.0007666317326015869,1,8000,0.3183468040268912,0.5202340469657449,0.6682137651083313
68,PRUNED,108.11500000000035,64,256,4.382854057795055e-05,3,1000,0.5772337956683534,0.35403954077282973,0.36616636322440593
69,PRUNED,287.0250000000041,32,512,0.00016135488279942053,3,8000,0.36298628160125374,0.5640232710344565,0.5432298639532953
70,PRUNED,4.986999999999996,32,256,0.00014765664950220378,3,2000,0.5839519663336994,0.5647712461901411,0.6051033547399199
71,COMPLETE,25.200000000000085,32,512,9.578049997409051e-05,5,2000,0.44637792371628543,0.5802854799018806,0.6086958025937445
72,PRUNED,51.66299999999968,32,256,0.0005233426951981668,5,500,0.5368748523451112,0.5252240774762307,0.6778610426348048
73,COMPLETE,6.7249999999999925,128,256,0.00019410471836666667,3,8000,0.48171937586631464,0.5219036748219776,0.5413157067572018
74,PRUNED,11.307999999999998,128,256,0.00013110374807187846,5,2000,0.5968567170060991,0.5669952376639699,0.6123972919254401
75,PRUNED,22.224000000000014,32,256,0.0003680557149548335,5,2000,0.3954432437221478,0.5659868985675882,0.6470096746750131
76,PRUNED,134.4370000000015,64,256,0.0002443749396281514,5,500,0.5090130737668894,0.3367532151715324,0.42048202340693025
77,PRUNED,89.51599999999999,64,256,0.0006594802087222444,3,500,0.6034352562574523,0.4122795629790564,0.40099866842063187
78,PRUNED,83.86999999999948,64,256,0.0007198481769403045,3,500,0.6822279637329478,0.36528026458513,0.43249563993713075
79,PRUNED,108.1760000000001,64,256,0.0004157419704140037,3,500,0.5584519668378587,0.30539429452863803,0.3878511621480598
80,PRUNED,10.011999999999997,64,256,0.00013594261137497732,3,500,0.5904512194535216,0.44206852519525747,0.4488902620368364
81,PRUNED,70.1389999999992,128,512,0.0006763629278900208,5,1000,0.37781893352005935,0.5320852187150463,0.6268336889569551
82,PRUNED,12.593000000000002,64,256,0.00011556377414550258,3,500,0.5267207974198356,0.3060817238083871,0.44239892007514126
83,COMPLETE,97.34999999999894,32,256,0.00027811446673159796,5,2000,0.6037930485474183,0.5971756918323872,0.6251296754021768
84,PRUNED,-6.755999999999999,32,256,3.3960422713991896e-05,5,2000,0.5688950562149893,0.5961634922262002,0.6610002548678238
85,PRUNED,24.89400000000007,32,256,0.00015390370435457325,3,500,0.6360725170775909,0.30485678805728617,0.34795678162525595
86,COMPLETE,56.30000000000039,32,256,8.598849333165782e-05,5,1000,0.654737060257897,0.3544338702765673,0.32978321096873
87,PRUNED,366.6319999999737,64,512,0.0002884688878462495,3,1000,0.41802658037921475,0.5013266949042855,0.5844590091179735
88,PRUNED,55.22099999999959,128,512,0.0004518553825283407,5,2000,0.36328527182941434,0.5960490010520195,0.6734118306706802
89,COMPLETE,4.4999999999999964,128,512,0.00012643714408813598,3,8000,0.4488684250478184,0.58798653993336,0.5378863160955795
90,PRUNED,90.84199999999878,64,512,0.00017716861314466843,5,2000,0.5370514431732215,0.5840727621268775,0.5915046224533191
91,COMPLETE,4.1999999999999975,32,256,2.835347152741419e-05,5,500,0.6003673401285284,0.3649261446586557,0.4305996620318389
92,COMPLETE,8.424999999999986,64,512,0.00025209751087962935,3,8000,0.4876437032492622,0.5339210010686798,0.5424386224836494
93,PRUNED,90.44199999999906,32,512,0.000207507121798895,5,2000,0.6382882123917722,0.5718622713364279,0.5520643891481578
94,PRUNED,60.93799999999939,32,512,0.00033005097850245335,5,2000,0.6190961303784235,0.5455499726186985,0.6213396323281338
95,COMPLETE,67.77500000000029,32,256,0.00019111145337892595,5,2000,0.5589564024859904,0.5846300089609476,0.5650703013431623
96,PRUNED,9.306,64,256,5.059886626033338e-05,5,1000,0.6824388439687804,0.33408410710575653,0.3052605109550127
97,COMPLETE,16.224999999999987,32,256,0.0001830183469991219,5,1000,0.6766014786287216,0.5988260411456509,0.5740595244286456
98,COMPLETE,6.799999999999992,32,256,0.0001895246947189857,5,8000,0.5804241506510047,0.5954335502026222,0.5938955772212827
99,COMPLETE,57.27500000000042,128,256,0.00021220388717455339,3,8000,0.6434713565347187,0.38822423582721916,0.3980732169778719
100,PRUNED,24.817999999999994,128,512,9.572386644282092e-05,3,2000,0.35901621251330595,0.5497172573758062,0.6171828491802555
101,PRUNED,93.8580000000001,32,512,0.0009408345413284957,3,500,0.4194273595022531,0.5307370346771859,0.5813383024166796
102,PRUNED,16.439000000000036,32,256,0.00019864861400605905,5,2000,0.5176636033595434,0.5868405320930535,0.5339658523473458
103,PRUNED,127.04600000000165,128,256,0.0003696396363213413,3,1000,0.30728017304100214,0.5881127145847048,0.5847690752717094
104,COMPLETE,3.8999999999999986,32,256,0.00016514780365463772,1,2000,0.650775037181772,0.5893534537034062,0.572871092873216
105,PRUNED,99.20299999999976,32,256,0.0002028731761257284,5,8000,0.5706484435939602,0.5734695088396129,0.698850845851344
106,COMPLETE,15.924999999999983,32,256,0.00023257785801529567,5,2000,0.6117174298597546,0.5878692517032443,0.6312463705906262
107,PRUNED,11.607999999999999,32,256,0.00012023358739595107,5,500,0.6036334853880474,0.422895144325146,0.3834974649946823
108,PRUNED,12.158000000000015,32,256,8.176380127729238e-05,5,1000,0.5974487266051225,0.39150677806725914,0.36790223359403273
109,PRUNED,70.56999999999927,32,256,0.0003873531863227591,5,1000,0.6342860693591381,0.5737386528619863,0.5603024549865642
110,PRUNED,4.961999999999995,32,256,3.307484428622396e-05,5,1000,0.5940870475407714,0.3681899438752052,0.3312220110197971
111,COMPLETE,7.799999999999989,32,256,0.0001756035470892502,5,2000,0.6076322227480591,0.5718596578843385,0.6281726107730812
112,PRUNED,12.701000000000015,32,256,0.00023456741739576515,5,2000,0.5707715566967518,0.5567952346696583,0.6725522821740643
113,PRUNED,9.381999999999989,32,256,0.0001788162879831578,5,2000,0.6002523999978101,0.5624707074255464,0.6761951680587671
114,PRUNED,53.1399999999998,64,256,0.0003595418536861741,5,2000,0.5410289744871649,0.5536605999429723,0.6959106976169704
115,COMPLETE,13.474999999999973,32,256,0.00024408978564893882,5,1000,0.6747191600297314,0.35928088213821613,0.3349496797463809
116,COMPLETE,56.850000000000435,64,256,0.00013554344771267627,5,1000,0.6926075318537,0.39761172358693503,0.40959459433804374
117,COMPLETE,15.524999999999975,128,512,0.000706429487925161,3,500,0.4614307111355364,0.495649482807519,0.687411459298172
118,COMPLETE,10.44999999999998,64,256,0.0008570816715702977,3,8000,0.39497435716624774,0.5295578979168236,0.6444899092986139
119,PRUNED,7.900999999999987,64,256,9.809271525493008e-05,5,500,0.6470313513196704,0.3264194228093549,0.5160063995557423
120,PRUNED,25.87900000000007,128,512,0.0008567525637720531,5,8000,0.44687977665846423,0.46894518615937386,0.49471301214918495
121,PRUNED,3.9049999999999976,32,256,3.977294386539669e-05,1,2000,0.578878656056301,0.5786589568096501,0.46107758322675063
122,PRUNED,104.42399999999951,32,256,0.0001892611004145747,5,1000,0.6662640956374564,0.36973186628160404,0.30899397159651243
123,COMPLETE,139.59999999999707,128,256,0.00013247208585745213,3,8000,0.6197103666673888,0.3006949409302934,0.4245894672922966
124,PRUNED,18.138000000000044,128,256,0.00017919461664570618,3,8000,0.582926627460148,0.38171305809048095,0.3890623489754147
125,PRUNED,35.31699999999989,32,256,0.000704480172949818,5,1000,0.6364723988846942,0.3101026332432452,0.32964244857912606
126,PRUNED,7.891999999999993,128,256,0.00010777946850205655,3,8000,0.6959218878834204,0.3710298336962159,0.4573568228467388
127,PRUNED,88.01499999999943,64,512,0.0006551530547440374,3,8000,0.3385795717411404,0.48603191674861135,0.6110670765582538
128,PRUNED,79.4859999999992,128,256,0.0006216722291191098,3,8000,0.6938868242876037,0.34730396126243734,0.43880125602542036
129,PRUNED,11.165000000000006,32,256,0.00010611617534896464,5,2000,0.6545494561607982,0.32047895466968773,0.4672801016492004
130,PRUNED,91.23299999999915,32,256,0.0004858293283818932,5,2000,0.6001194003388349,0.5824287557216326,0.5968521467571072
131,COMPLETE,11.249999999999993,128,512,0.0007256233433567191,3,1000,0.36648475861266716,0.5796098083467727,0.6838163973078926
132,PRUNED,293.21200000001073,64,512,0.0003407825785844734,3,1000,0.6250510875718268,0.35260719829006887,0.429882464424888
133,COMPLETE,11.19999999999998,64,256,7.763749760761085e-05,5,1000,0.6490363493964432,0.3688647572468577,0.3773441310312136
134,PRUNED,4.464999999999997,64,512,0.00021232487126581889,1,500,0.6270688231379988,0.3715080664430923,0.37463014574719533
135,PRUNED,8.917999999999992,64,256,7.769493038652534e-05,5,1000,0.6557110785737842,0.42606011967205665,0.4497956084044219
136,PRUNED,11.623999999999999,64,256,7.754342349781975e-05,5,1000,0.6678846519313004,0.40280033436055673,0.3859703798665095
137,COMPLETE,3.9999999999999982,64,256,0.00028921982733730377,3,1000,0.696960152886916,0.41451473680519607,0.38029642085248994
138,COMPLETE,32.200000000000166,128,256,0.00013219218756516996,5,500,0.670954124475069,0.3131891441178331,0.39105890468563165
139,PRUNED,121.83000000000125,128,512,0.000427967581605442,3,8000,0.41093489353339496,0.5774100600774026,0.6932964883383709
140,PRUNED,3.9199999999999977,128,256,0.000325854192149553,1,8000,0.6523556935356817,0.4227335898868649,0.4174801522035687
141,COMPLETE,4.599999999999996,64,512,0.00010510652991592858,3,8000,0.624950632788293,0.3553971026799777,0.43091180602097495
142,PRUNED,60.87199999999967,64,512,0.0001365624176787837,5,500,0.6666607665836257,0.31041486184053946,0.38990403564080905
143,PRUNED,53.26299999999944,64,256,0.00029989074384712905,5,1000,0.6784157642036013,0.3681775375884028,0.3703232375989734
144,PRUNED,126.17600000000004,128,256,0.0003809371540773755,3,8000,0.31261926435659176,0.47899735833751517,0.6487799089999389
145,PRUNED,46.84299999999984,64,256,0.00028493265039987914,5,1000,0.6871885131226354,0.3086971513268565,0.3389783282134567
146,COMPLETE,4.699999999999996,64,256,0.0002626262754518952,3,8000,0.6626800327513613,0.41351566996390743,0.34129535944387224
147,COMPLETE,35.00000000000019,64,256,0.00013797298709753342,5,1000,0.6077344055554409,0.3390395448683784,0.37072792864225873
148,PRUNED,427.49499999999006,64,256,0.00011672812282781594,3,8000,0.6895583512605061,0.45812115987029084,0.3575921558486991
149,PRUNED,25.24599999999994,128,256,0.0002245036857102764,3,8000,0.5920017729092536,0.3214597128355057,0.41911569045445657
150,PRUNED,4.420999999999997,128,256,6.955749450180865e-05,3,8000,0.5535260181530832,0.3092661033790904,0.4758018044644935
151,PRUNED,94.74799999999988,32,512,0.0007979042499109948,3,8000,0.44197823331295794,0.5027876667839759,0.6716077324008909
152,PRUNED,67.69999999999925,128,512,0.0008521064593700618,3,2000,0.3479571636762519,0.42118121252480367,0.6623532702979635
153,PRUNED,106.85300000000046,128,512,0.00013676724991489814,5,8000,0.6311234569293285,0.334601090580407,0.48688009755780065
154,PRUNED,103.3079999999991,64,256,0.00039561974750366546,3,8000,0.6925259312635409,0.3609098150331783,0.33691101479889274
155,PRUNED,3.0940000000000016,32,256,4.623075020370536e-05,5,500,0.5504855679676195,0.5786790805111907,0.5110760220733503
156,RUNNING,,128,256,7.659144741636664e-05,3,2000,0.6015901426017014,0.44008382965183107,0.3656616513132812
157,RUNNING,,128,256,0.00032914663727252863,3,500,0.5258890347706412,0.4072041607631069,0.3790132831685881
158,PRUNED,18.19200000000003,64,256,0.0001265470544489761,3,1000,0.6691196733764782,0.40804385680341454,0.3124370031599223
159,RUNNING,,32,256,0.00032713681293842334,3,8000,0.5986463018067116,0.4429837770232337,0.4120059082003405
160,PRUNED,70.4249999999999,128,256,0.00025549951834236644,5,8000,0.6678019872280397,0.4277062626037271,0.32207932834884007
161,PRUNED,4.448999999999997,64,256,0.00033846644707442316,1,500,0.5803292134791183,0.34844373239608206,0.374212383177946
162,PRUNED,85.39299999999943,128,512,0.00093945856370778,3,8000,0.3563364254443547,0.5455651404605428,0.5640427145593168
163,PRUNED,27.147999999999993,128,256,0.0001515100907495744,3,500,0.6633213950218071,0.312051395116813,0.4004473734255163
164,RUNNING,,128,512,0.0001080566488186155,3,8000,0.32584125792701507,0.4410167133005254,0.6495591622103676
165,PRUNED,64.20999999999916,128,512,0.0008547097462058447,3,8000,0.3113151960568423,0.5392897122794253,0.6056630781761675
166,RUNNING,,128,256,0.0002979447374697762,5,500,0.590447273344169,0.351078246434312,0.3910474253285994
167,RUNNING,,128,256,0.0002220335067056014,5,500,0.6864220614999916,0.30367322847739026,0.4316494499643249
168,PRUNED,18.556000000000036,128,256,8.45618957255626e-05,5,500,0.6263356201007385,0.31247800468224907,0.38129068660412824
169,RUNNING,,128,512,8.969644157842822e-05,3,8000,0.5066099070499066,0.44920348570433505,0.5960164489146675
170,RUNNING,,128,256,0.00015979006209605224,5,500,0.6979366580273687,0.3387124652613654,0.4209499388255103
171,RUNNING,,128,256,7.645490047362546e-05,1,500,0.6495974501966835,0.3038051138657,0.380276903798115
172,RUNNING,,128,256,0.0002040720852408565,5,500,0.6907152877755868,0.31315917802101517,0.30123074919815257
173,RUNNING,,128,256,7.911174700518457e-05,5,500,0.6953847908098961,0.3514883744446279,0.380137019708038
174,RUNNING,,64,256,2.0979112379156985e-05,5,500,0.5600764708264878,0.30070010019101484,0.44427302363297316
