number,state,value,clip_eps,ent_coef,gae_lambda,hidden_dim,learning_rate_a,minibatch_size,ppo_epochs,rollout_steps,vf_coef
0,PRUNED,35.07666666666667,0.1,0.01215445458042264,0.9716764448936565,512,0.00025517257448863745,256,6,8192,0.6735973621624779
1,PRUNED,23.81033333333331,0.3,0.0386939148244682,0.9478180784384784,256,0.00026956648699264765,128,10,8192,0.7396999640071809
2,PRUNED,34.67,0.2,0.009679675142309514,0.9503585966772284,256,0.00047212374725158035,128,3,4096,0.6167453145353465
3,COMPLETE,14.552888888888889,0.2,0.024340509350215256,0.977997809686675,256,2.8190582682383035e-05,256,4,8192,0.6946357731092891
4,COMPLETE,21.79200000000001,0.2,0.019056370061613224,0.954141690167631,256,9.480004799910968e-05,64,10,4096,0.8617172885413278
5,PRUNED,33.809999999999995,0.3,0.005656221586184195,0.9235734099196868,512,2.579435935881333e-05,256,4,8192,0.5303553732741001
6,COMPLETE,27.18911111111111,0.1,0.022537005042401387,0.9493056807859664,512,3.360836402196909e-05,64,6,4096,0.4208646347142615
7,COMPLETE,46.35844444444447,0.3,0.022084561759890303,0.912278909424837,512,0.0005043409765167377,256,6,4096,0.4079797022537364
8,PRUNED,28.464666666666666,0.1,0.046263575885866624,0.9131276898308571,256,3.17038737207538e-05,64,10,4096,0.9364146403870157
9,COMPLETE,37.71155555555552,0.3,0.011600041464833831,0.9130658718925669,512,6.49407550277399e-05,256,10,4096,0.5943509014058945
10,PRUNED,29.929666666666648,0.1,0.025274007602760443,0.9329521473948966,256,0.000741481526689937,256,10,8192,0.8873021850383886
11,COMPLETE,35.80355555555552,0.2,0.01041401940050718,0.9686836219890965,512,0.0004510484854393359,256,3,8192,0.613318484606366
12,COMPLETE,59.18711111111106,0.3,0.0071161460211771254,0.9069234053366363,512,0.0003248019365518708,256,4,4096,0.5100027586370576
13,PRUNED,33.21266666666667,0.2,0.023955016767785546,0.9469402211461809,512,5.619625621955263e-05,256,4,8192,0.8478119102062147
14,COMPLETE,33.95266666666665,0.2,0.03084383103053174,0.923571258112935,256,8.813774376352733e-05,64,6,4096,0.573346915136125
15,PRUNED,48.703333333333305,0.3,0.005423021927473239,0.9625554178345874,512,2.1766589475949984e-05,128,10,8192,0.9367496992417916
16,COMPLETE,39.38666666666669,0.1,0.014169717063852078,0.94766903822133,512,0.0002534900523172604,256,6,8192,0.5558745646669745
17,COMPLETE,34.84377777777775,0.1,0.028555218547989727,0.9563890988587403,512,0.00027255018716355124,256,6,8192,0.5806757430012578
18,PRUNED,26.832000000000008,0.1,0.02992844882302528,0.9608098941010518,512,0.0006998314885779374,256,6,8192,0.5682325790969251
19,COMPLETE,48.43355555555555,0.1,0.006992204674704706,0.9605561510035641,512,0.0006174151780950114,256,6,8192,0.7962534538420097
20,PRUNED,37.88333333333333,0.2,0.007836707230888518,0.9717949695277819,256,3.542302283504573e-05,256,4,8192,0.8648366383254623
21,PRUNED,33.88399999999999,0.2,0.01000086309924207,0.9771421197636032,512,0.0001129999968830022,128,3,8192,0.5002244757273984
22,COMPLETE,41.34111111111108,0.3,0.02265463535605257,0.9155951042733302,512,0.0002640229950437564,256,6,4096,0.3352493124069375
23,COMPLETE,52.94466666666664,0.3,0.023227552491427557,0.9133169964425161,512,0.0002366778809539601,256,6,8192,0.619435852755521
24,PRUNED,32.664666666666655,0.3,0.009366308213591542,0.9333075816055839,512,0.00038457658489970427,256,10,4096,0.4763108747783646
25,COMPLETE,48.682444444444386,0.3,0.021423445749798493,0.9203232487278039,512,0.000175983895963601,256,6,4096,0.3605450242683869
26,COMPLETE,31.646444444444484,0.3,0.04071251433542475,0.9149967583644982,512,0.00011101217572112371,256,6,4096,0.4334734478311517
27,COMPLETE,37.01888888888888,0.3,0.03008576803146945,0.9171945175085041,512,0.000312757311662461,256,6,4096,0.43253797063703386
28,PRUNED,33.78133333333332,0.3,0.04113998802738724,0.9007070709912878,512,0.00029197660916578715,256,6,4096,0.49262736886128067
29,PRUNED,25.14133333333335,0.3,0.011795973769885547,0.9024528355995929,512,0.0006842492912078146,256,6,4096,0.36860812987336683
30,COMPLETE,45.0491111111111,0.3,0.00502038806261314,0.9019936347969124,512,0.0009449685240590334,256,4,4096,0.3859151087640701
31,COMPLETE,59.74777777777775,0.3,0.008194679510961441,0.9029544115837189,512,0.0006144689269969267,256,4,4096,0.747302326164326
32,COMPLETE,59.737555555555616,0.3,0.006012934054533602,0.9077231593502457,512,0.00015602010477532593,64,4,4096,0.5614909881194153
33,COMPLETE,57.145555555555475,0.3,0.0063098491646458475,0.9098501371401291,512,0.0002488338691811708,128,4,4096,0.5160838460988965
34,COMPLETE,51.956666666666656,0.1,0.006458239799600576,0.9102647190477828,512,0.0005275393196127429,256,6,8192,0.6227388062680991
35,PRUNED,33.872666666666674,0.1,0.0075793658854104795,0.9091421472210426,512,0.00019512287413372126,128,4,4096,0.40324879888571197
36,PRUNED,28.785999999999987,0.3,0.006995094246439655,0.966527981462665,512,0.0006461102124564268,256,6,4096,0.8059498464771185
37,COMPLETE,42.443333333333335,0.3,0.0051973713503105316,0.9125887297429136,512,0.0003312646025784208,128,4,4096,0.7882094819361258
38,PRUNED,41.91666666666666,0.1,0.005485495686722442,0.9612692105554235,512,0.0005867582553886123,128,4,8192,0.847926788696617
39,PRUNED,53.557999999999986,0.2,0.03429694094759989,0.9137605209565339,512,0.00020893388998051955,256,6,8192,0.6537392403304926
40,COMPLETE,54.237777777777765,0.2,0.008058707307456052,0.9039049995302391,512,0.0002910331158048285,256,4,4096,0.5295880702230031
41,COMPLETE,48.01377777777779,0.2,0.005482585973732289,0.9241848988406391,512,0.00023399880170462949,256,4,4096,0.5773398823803692
42,COMPLETE,48.32977777777774,0.3,0.0056249244898708495,0.9087573882978938,256,0.00028305764512075637,256,4,4096,0.45539171888784996
43,PRUNED,62.33466666666663,0.3,0.011475724341194765,0.9118074581120341,256,0.0002207768116917299,256,6,8192,0.7565373932284282
44,PRUNED,55.26133333333331,0.1,0.005934496582450684,0.9587444339186392,512,0.0002958280324721376,256,6,8192,0.8137431476403177
45,COMPLETE,60.30955555555544,0.3,0.01189568691538168,0.9111712394053804,512,0.0003539703747568346,64,4,4096,0.7684839661511679
46,COMPLETE,57.54199999999996,0.3,0.005871111001834708,0.9290921012455335,512,0.00014148405281844904,64,4,4096,0.6736062326983634
47,COMPLETE,40.17066666666662,0.2,0.009535100373054361,0.9053041695363626,512,0.0008456931549194097,256,4,4096,0.8718247917659084
48,PRUNED,38.77933333333331,0.3,0.005689168095218973,0.9121663632335297,256,0.00014905069447224394,64,4,4096,0.5455160710910492
49,COMPLETE,47.301555555555524,0.3,0.005669411294779973,0.9026803035125017,512,0.00014729495649095595,64,3,4096,0.7354880217397473
50,COMPLETE,51.53288888888887,0.3,0.005532340652092274,0.9051782588587021,512,0.0007287633446950784,256,6,4096,0.9105415543675733
51,COMPLETE,61.2108888888888,0.3,0.011261898076505652,0.9016487333556713,512,0.00020764370270877794,64,4,8192,0.5565767129661228
52,PRUNED,33.74000000000001,0.3,0.012143141430987364,0.9140922973291253,512,0.00034149972547533014,256,4,4096,0.8212813696543553
53,COMPLETE,38.002222222222215,0.2,0.007543244363957217,0.9264242008297837,512,0.00014496104406821033,256,4,4096,0.6161924761816143
54,COMPLETE,47.48177777777776,0.2,0.010978643778739236,0.9171354931259824,512,0.0003150733405499904,256,4,4096,0.6077506242722889
55,COMPLETE,47.259111111111054,0.3,0.005688735771681616,0.9037380507830466,512,0.00017827824322195555,64,3,4096,0.5522524443723009
56,COMPLETE,46.26177777777775,0.3,0.006670263791379052,0.9124806501431949,512,0.0002055512890729647,64,3,4096,0.5687773301145497
57,PRUNED,34.63866666666665,0.3,0.008768746161559655,0.9061440418971661,512,0.00038348931290730715,64,10,4096,0.7535070970238131
58,COMPLETE,55.373333333333285,0.3,0.012224457599505325,0.9340627648174732,512,0.00029738855307858016,64,4,4096,0.7473086054529308
59,PRUNED,32.08799999999999,0.3,0.02928171430423193,0.9052514778140662,512,0.00034543025685643605,64,4,4096,0.8328852457754518
60,COMPLETE,43.413777777777774,0.3,0.00946870227191543,0.9272134671621952,512,6.580415916637894e-05,64,4,4096,0.6882463428954952
61,PRUNED,31.999999999999996,0.3,0.005980505143815042,0.9379191975514181,512,3.95327069576609e-05,64,6,4096,0.6829047278002993
62,COMPLETE,49.75844444444442,0.3,0.005060630442848255,0.9098052895113052,512,0.0004441319851353694,64,4,8192,0.5586079467220323
63,COMPLETE,42.02933333333329,0.3,0.009656889869539583,0.9038048634481082,512,0.00010792661712701054,64,3,4096,0.45445939219269016
64,COMPLETE,42.23622222222222,0.3,0.00887301660776338,0.9573838786267954,512,0.00015818930053501052,64,4,4096,0.6252862411388818
65,COMPLETE,32.612666666666655,0.1,0.0059139295815095905,0.9207375269869135,512,0.0001730619348252651,64,4,4096,0.7857425507642941
66,COMPLETE,48.32622222222218,0.3,0.005799277489998976,0.9523931792040573,512,0.0001846642967515161,64,4,4096,0.5541428036943787
67,COMPLETE,58.987555555555446,0.3,0.015290332717910969,0.9035023995088209,512,0.00012893607604304224,64,4,8192,0.49337339780949996
68,COMPLETE,42.54999999999996,0.3,0.012226709921342198,0.9032040994824061,512,0.0001241221892592663,64,4,8192,0.5739657174602713
69,COMPLETE,43.43888888888885,0.3,0.011212802502093389,0.92562946450062,512,9.098881436622797e-05,64,4,4096,0.6424259953549438
70,PRUNED,64.4293333333333,0.2,0.012965823782657763,0.9015922897731466,512,9.394521016837406e-05,64,4,8192,0.5096100104625824
71,COMPLETE,63.33888888888885,0.3,0.010152604422466502,0.9162089035400237,512,0.000203799653626525,64,4,8192,0.6923311717592857
72,COMPLETE,58.37999999999994,0.3,0.010433863187927668,0.9095851363311389,512,0.00020558361850948165,64,4,4096,0.43669973463309353
73,COMPLETE,56.18822222222217,0.3,0.011604088918937966,0.9179527450905787,512,0.00022508136140708408,64,4,8192,0.47435065456754305
74,COMPLETE,37.32888888888889,0.3,0.0074771902489340625,0.9545585848337177,512,0.00011840165818655407,128,4,4096,0.46227639518870334
75,PRUNED,36.08733333333331,0.3,0.005779147572626389,0.9047994161734657,512,0.00010424833555312327,128,10,4096,0.41548195714486363
76,PRUNED,52.18733333333331,0.3,0.013912761426422815,0.9154374557124952,512,6.064641609542899e-05,128,4,8192,0.3315013940967616
77,RUNNING,,0.3,0.012313277940069603,0.9120431979377602,512,0.00022325830626134628,128,4,4096,0.5375737756178641
78,PRUNED,37.11466666666667,0.3,0.019934561546270577,0.9046494017429282,512,0.00029704377935007393,64,4,8192,0.457687663109
79,PRUNED,39.0453333333333,0.3,0.018377333222452406,0.9029544588471907,256,0.00039925511652353843,64,4,8192,0.6879532915694787
80,RUNNING,,0.3,0.031225072562392004,0.9102578673349255,512,0.00016420311872413553,64,4,8192,0.4848279815297236
81,RUNNING,,0.3,0.005795275193364302,0.9049476401754771,512,0.00015799945306445607,256,4,4096,0.5758320124916706
82,RUNNING,,0.3,0.0058513300976115925,0.9043453886698418,512,0.0001119269828470708,256,4,4096,0.6248448889054975
83,RUNNING,,0.3,0.007641905038115604,0.9120415008559356,512,0.0007205432752291586,256,4,8192,0.8957898903042818
84,PRUNED,38.176000000000016,0.3,0.012288653225541879,0.9176984054269894,512,0.00019775244725411093,64,6,8192,0.8974472969819685
85,PRUNED,34.365999999999985,0.3,0.005197053948491754,0.9028126563496981,512,2.3766090903043233e-05,64,4,4096,0.3664400203038366
86,PRUNED,33.19799999999999,0.3,0.013539854177511476,0.9150671673680445,512,0.0006444590411219641,64,4,8192,0.9597450807588104
87,RUNNING,,0.3,0.007951276000102007,0.932787305141877,512,0.0002807207694757907,256,4,8192,0.5919192651567515
88,PRUNED,40.66199999999997,0.3,0.007671865245106371,0.9229545123358415,512,0.00018848453244500832,64,6,8192,0.7408953814262291
89,RUNNING,,0.1,0.012188657583249673,0.9107993117089856,512,0.0006006354809244972,64,4,4096,0.49065262089431205
90,RUNNING,,0.3,0.006644230440155908,0.9125416538491181,512,6.46354055868038e-05,64,4,4096,0.32251153093021345
91,RUNNING,,0.3,0.011589058887948584,0.9230742726696866,512,0.00026087670578371674,64,4,4096,0.3307326121215973
92,RUNNING,,0.3,0.01122240694354323,0.9168204383632581,512,0.0006090123474478307,64,4,4096,0.3535142051445374
93,RUNNING,,0.3,0.020855927204609017,0.9114912504558687,512,6.0706049471741764e-05,64,10,8192,0.3530582719413792
94,RUNNING,,0.3,0.0076895737052133225,0.9093406646120654,512,0.0003256275432202877,64,4,4096,0.4490102004751686
